{
  "categories": [
    {
      "id": 0,
      "name": "bath"
    },
    {
      "id": 1,
      "name": "bed"
    },
    {
      "id": 2,
      "name": "chair"
    },
    {
      "id": 3,
      "name": "door"
    },
    {
      "id": 4,
      "name": "sink"
    },
    {
      "id": 5,
      "name": "sofa"
    },
    {
      "id": 6,
      "name": "table"
    },
    {
      "id": 7,
      "name": "toilet"
    }
  ],
  "info": {
    "year": 2025,
    "version": "1.0",
    "contributor": "Label Studio"
  }
}